{
    "age": 62,
    "age_bin": "60-70",
    "interval_years": 1.4154688569472964,
    "z_scores": {
        "hippocampus": {
            "annual_percent_change": -1.5922858135625377,
            "normative_mean": -1.2,
            "normative_std": 0.8,
            "z_score": -0.4903572669531722
        },
        "entorhinal_cortex": {
            "annual_percent_change": -5.320096498958783,
            "normative_mean": -1.0,
            "normative_std": 1.2,
            "z_score": -3.600080415798986
        },
        "temporal_lobe": {
            "annual_percent_change": -1.5228238986401892,
            "normative_mean": -0.8,
            "normative_std": 0.7,
            "z_score": -1.0326055694859846
        },
        "parietal_lobe": {
            "annual_percent_change": -0.4568063678991253,
            "normative_mean": -0.6,
            "normative_std": 0.6,
            "z_score": 0.23865605350145777
        },
        "ventricles": {
            "annual_percent_change": 0.33090324772967944,
            "normative_mean": 1.5,
            "normative_std": 1.0,
            "z_score": -1.1690967522703206
        }
    }
}