{
    "timestamp": "2026-02-13T07:19:29.030061",
    "mean_jacobian": 0.9999868273735046,
    "std_jacobian": 0.11321153491735458,
    "negative_jacobian_pct": 0.0,
    "ncc": 0.9349625706672668,
    "max_displacement_mm": 3.8984191319061696,
    "qa_pass": true,
    "runtime_minutes": 2.2075001,
    "transform_type": "ANTs_SyN",
    "threads": 18
}