{
    "timestamp": "2026-02-14T11:14:36.604553",
    "mean_jacobian": 0.999987006187439,
    "std_jacobian": 0.11675242334604263,
    "negative_jacobian_pct": 0.0,
    "ncc": 0.9352977871894836,
    "max_displacement_mm": 3.9550523917083757,
    "qa_pass": true,
    "runtime_minutes": 2.731210916666667,
    "transform_type": "ANTs_SyN",
    "threads": 18
}