{
    "interval_years": 1.4154688569472964,
    "roi_metrics": {
        "hippocampus": {
            "mean_jacobian": 0.9979522018738229,
            "percent_change_total": -0.20477981261770584,
            "percent_change_per_year": -0.14467277864335987,
            "voxel_count": 9346
        },
        "entorhinal_cortex": {
            "mean_jacobian": 0.984421636566761,
            "percent_change_total": -1.557836343323904,
            "percent_change_per_year": -1.1005797377157756,
            "voxel_count": 6733
        },
        "temporal_lobe": {
            "mean_jacobian": 1.0003393645449616,
            "percent_change_total": 0.033936454496164004,
            "percent_change_per_year": 0.02397541586987215,
            "voxel_count": 111565
        },
        "parietal_lobe": {
            "mean_jacobian": 0.9903236665870191,
            "percent_change_total": -0.9676333412980909,
            "percent_change_per_year": -0.6836133034992798,
            "voxel_count": 54917
        },
        "ventricles": {
            "mean_jacobian": 1.18655736918268,
            "percent_change_total": 18.655736918268005,
            "percent_change_per_year": 13.179899244482376,
            "voxel_count": 17244
        }
    }
}